{
    "loss": 0.84017014503479,
    "accuracy": 0.6761904954910278
}