{
    "loss": 0.7012388706207275,
    "accuracy": 0.8039215803146362
}