{
    "loss": 0.38079458475112915,
    "accuracy": 0.8888888955116272
}