{
    "loss": 0.4916094243526459,
    "accuracy": 0.8571428656578064
}