{
    "loss": 2.0861034393310547,
    "accuracy": 0.3301587402820587
}