{
    "loss": 1.6844289302825928,
    "accuracy": 0.7843137383460999
}