{
    "loss": 29.132221221923828,
    "accuracy": 0.5686274766921997
}