{
    "loss": 0.6521888375282288,
    "accuracy": 0.7396825551986694
}