{
    "loss": 7.807882785797119,
    "accuracy": 0.4313725531101227
}