{
    "loss": 10.578993797302246,
    "accuracy": 0.4313725531101227
}