{
    "loss": 1.757163166999817,
    "accuracy": 0.2063492089509964
}