{
    "loss": 0.7666784524917603,
    "accuracy": 0.644444465637207
}