{
    "loss": 10.126126289367676,
    "accuracy": 0.4313725531101227
}