{
    "loss": 0.3102862130251234,
    "accuracy": 0.89524756246664123
}